{
  "primary_channel": {
    "ChannelId_1": 1.8003524329508869,
    "ChannelId_2": 0.4311943540739834,
    "ChannelId_3": -0.33750847788543664,
    "ChannelId_5": 2.584933819470464
  },
  "primary_category": {
    "airtime": -0.8430518131541136,
    "data_bundles": 2.080109767565042,
    "financial_services": -0.3092485788313673,
    "movies": 3.143003973631072,
    "other": 4.988830664129403,
    "ticket": 2.2372953510874543,
    "transport": 4.1415328037422,
    "tv": 2.8685671279293117,
    "utility_bill": 1.9765690886242013
  },
  "primary_currency": {
    "UGX": 0.0
  },
  "primary_pricing": {
    "0": 2.357543977274803,
    "1": 1.458347678759948,
    "2": -0.3872715751354502,
    "4": 0.7896345235372848
  }
}