,count,mean,std,min,25%,median,75%,max,skew,outlier_%
Amount,95662.0,6717.846433275491,123306.79716433848,-1000000.0,-50.0,1000.0,2800.0,9880000.0,51.098489522819115,25.549329932470574
Value,95662.0,9900.583941376932,123122.08777619714,2.0,275.0,1000.0,5000.0,9880000.0,51.29108598736247,9.430076728481529
